ticker,shares_today,last_close,cap,w_latest,bucket,sector
NVDA,24347000000,178.88,4355191360000.0,0.07464699932651186,Big,Information Technology
AAPL,14776353000,271.49,4011632075970.0,0.06875847055160074,Big,Information Technology
MSFT,7432377655,472.12,3508974138478.6,0.06014302667788164,Big,Information Technology
AMZN,10690216011,220.69,2359223771467.59,0.0404365642569221,Big,Consumer Discretionary
GOOGL,5818000000,299.66,1743421880000.0002,0.029881858486738473,Big,Communication Services
GOOG,5407000000,299.65,1620207549999.9998,0.027769992612600016,Big,Communication Services
AVGO,4722365022,340.2,1606548580484.4,0.027535880950458995,Big,Information Technology
TSLA,3325819167,391.09,1300694618022.03,0.022293612897755218,Big,Consumer Discretionary
META,2177889269,594.25,1294210698103.25,0.022182479970220586,Big,Communication Services
LLY,895018757,1059.7,948451376792.9,0.016256243051669,Big,Health Care
WMT,7972851122,105.32,839700680169.0399,0.014392280597068846,Big,Consumer Staples
JPM,2722262295,298.02,811288609155.8999,0.01390530409696331,Big,Financials
BRK-B,1372820139,504.04,691956262861.56,0.011859974549500057,Big,Financials
ORCL,2850792605,198.76,566623538169.7999,0.009711799867307512,Small,Information Technology
V,1687629770,327.98,553508811964.6,0.009487016412968792,Small,Financials
XOM,4217000000,117.08,493726360000.0,0.008462358646486926,Small,Energy
JNJ,2409295102,203.9,491255271297.8,0.008420004742503963,Small,Health Care
MA,891258183,540.4,481635922093.19995,0.008255131262961318,Small,Financials
NFLX,4237323340,104.31,441995197595.4,0.007575698170292408,Small,Communication Services
ABBV,1767384632,236.28,417597640848.96,0.007157529540838652,Small,Health Care
COST,443179176,899.01,398422511015.76,0.006828872132833356,Small,Consumer Staples
BAC,7302495550,51.56,376516670558.0,0.00645341095955047,Small,Financials
PLTR,2284334012,154.85,353729121758.2,0.006062837503804193,Small,Information Technology
PG,2336733549,150.92,352659827215.07996,0.006044510036089864,Small,Consumer Staples
HD,995386647,343.32,341736143648.04,0.005857280559249641,Small,Consumer Discretionary
AMD,1628041540,203.78,331762305021.2,0.005686331210824119,Small,Information Technology
KO,4301608845,72.95,313802365242.75,0.005378501886753695,Small,Consumer Staples
GE,1054813911,287.44,303195710577.84,0.005196706213916009,Small,Industrials
CSCO,3951094563,76.1,300678296244.3,0.005153558299042226,Small,Information Technology
CVX,1999353597,149.98,299863052478.06,0.005139585204443356,Small,Energy
UNH,905838620,319.97,289841183241.4,0.00496781262217975,Small,Health Care
IBM,934735206,297.44,278027639672.64,0.004765331145264589,Small,Information Technology
WFC,3139084542,83.11,260889316285.62,0.004471584141153976,Small,Financials
CAT,468478923,550.43,257864853586.88998,0.004419745531464238,Small,Industrials
MS,1589309311,158.17,251381053720.87,0.004308614661606884,Small,Financials
AXP,688851653,352.89,243088859827.16998,0.004166488325280222,Small,Financials
MRK,2482022536,97.76,242642523119.36002,0.0041588382146023565,Small,Health Care
PM,1556638749,155.24,241652599394.76,0.004141871144846892,Small,Consumer Staples
TMUS,1118506626,209.48,234304768014.47998,0.004015930969374307,Small,Communication Services
MU,1122466035,207.37,232765781677.95,0.003989553090073393,Small,Information Technology
GS,299928511,774.03,232153665369.33,0.003979061554363397,Small,Financials
RTX,1340771942,169.68,227502183118.56,0.0038993361958798356,Small,Industrials
ABT,1738871947,128.11,222766885130.17,0.0038181742545248224,Small,Health Care
TMO,375708059,587.48,220720970501.32,0.003783107738429909,Small,Health Care
MCD,712154350,309.35,220304948172.50003,0.0037759772093825614,Small,Consumer Discretionary
CRM,952000000,227.11,216208720000.0,0.0037057687807834907,Small,Information Technology
PEP,1367340122,146.33,200082880052.26,0.0034293755148585726,Small,Consumer Staples
ISRG,354496073,561.61,199088539557.53,0.003412332742657529,Small,Health Care
LIN,466948930,412.74,192728501368.2,0.0033033231200733436,Small,Materials
DIS,1785288846,104.28,186169920860.88,0.0031909105268611844,Small,Communication Services
INTU,278400000,663.15,184620960000.0,0.0031643616864587033,Small,Information Technology
T,7089449495,25.93,183829425405.35,0.003150794961722698,Small,Communication Services
AMGN,538480671,337.54,181758765689.34,0.00311530432040529,Small,Health Care
LRCX,1256030000,142.65,179172679500.0,0.003070979385384762,Small,Information Technology
AMAT,796642427,224.005,178451886860.135,0.0030586251618260167,Small,Information Technology
C,1789266159,98.7,176600569893.30002,0.0030268940058438163,Small,Financials
QCOM,1071000000,163.3,174894300000.0,0.0029976489240442386,Small,Information Technology
UBER,2077830381,83.87,174267634054.47,0.0029869080108334985,Small,Industrials
NEE,2082609684,83.48,173856256420.32,0.0029798570908070275,Small,Utilities
VZ,4216425489,41.23,173843222911.47,0.0029796336993998707,Small,Communication Services
NOW,207481507,813.43,168771682239.00998,0.0028927086341459063,Small,Information Technology
TJX,1112938750,151.43,168532314912.5,0.002888605932063769,Small,Consumer Discretionary
INTC,4770000000,34.5,164565000000.0,0.002820607047715907,Small,Information Technology
APH,1224055508,131.6,161085704852.8,0.00276097271226623,Small,Information Technology
SCHW,1776936770,90.51,160830547052.7,0.0027565993650220306,Small,Financials
DHR,706349563,227.39,160616827130.56998,0.002752936253676378,Small,Health Care
APP,307597000,520.26,160030415220.0,0.0027428852855615406,Small,Information Technology
BLK,155150909,1014.72,157434730380.48,0.0026983958318380916,Small,Financials
GILD,1240679623,126.64,157119667456.72,0.0026929957242621703,Small,Health Care
ACN,620138892,251.85,156181979950.19998,0.0026769239715234623,Small,Information Technology
BKNG,32233815,4768.0,153690829920.0,0.0026342262208954442,Small,Consumer Discretionary
GEV,271320459,555.84,150810763930.56,0.0025848625382916017,Small,Industrials
SPGI,302800000,493.6,149462080000.0,0.0025617463993818776,Small,Financials
ANET,1259285070,117.43,147877845770.1,0.002534592981376295,Small,Information Technology
TXN,908623020,159.4,144834509388.0,0.0024824308810030594,Small,Information Technology
KLAC,131392338,1097.12,144153161866.56,0.002470752737892936,Small,Information Technology
BSX,1482442039,96.88,143618984738.32,0.002461597062186423,Small,Health Care
PFE,5685707552,25.04,142370117102.08,0.002440191752087417,Small,Health Care
SYK,382423648,368.27,140835156848.96,0.0024138828789496657,Small,Health Care
WELL,686328043,199.93,137217565636.99,0.002351878180087589,Small,Real Estate
BA,760095468,179.7,136589155599.59999,0.002341107373535055,Small,Industrials
ADBE,418600000,324.19,135705934000.0,0.0023259691541778005,Small,Information Technology
UNP,593160889,226.22,134184856309.58,0.002299898225039028,Small,Industrials
PGR,586397236,226.91,133059396820.76,0.002280608102801101,Small,Financials
COF,635733605,207.87,132149944471.35,0.0022650202942980317,Small,Financials
DE,270329392,487.24,131715292958.08,0.002257570465223625,Small,Industrials
LOW,560824905,234.29,131395666992.45,0.002252092148137434,Small,Consumer Discretionary
MDT,1282616011,101.2,129800740313.2,0.002224755463957428,Small,Health Care
ETN,388400000,331.71,128836163999.99998,0.002208222843126317,Small,Industrials
PANW,683982694,182.9,125100434732.6,0.0021441932845932938,Small,Information Technology
CRWD,250955140,490.67,123136158543.8,0.0021105260329797077,Small,Information Technology
HON,634887208,190.02,120641267264.16,0.002067764158178641,Small,Industrials
CB,393550859,298.29,117392285731.11,0.002012077346219721,Small,Financials
PLD,928867000,125.79,116842179930.0,0.002002648656646602,Small,Real Estate
ADI,491955436,232.32,114291086891.52,0.001958923496353006,Small,Information Technology
HCA,228193900,491.0,112043204900.0,0.0019203953051354628,Small,Health Care
VRTX,253718831,426.76,108277048317.56,0.0018558442292734513,Small,Health Care
COP,1235718250,87.37,107964703502.5,0.0018504907094686583,Small,Energy
MCK,123426650,866.03,106891181699.5,0.0018320907874717666,Small,Health Care
LMT,231397796,460.78,106623476440.87999,0.0018275023796136302,Small,Industrials
PH,126186699,839.57,105942566879.43001,0.001815831743039128,Small,Industrials
KKR,891353410,118.67,105776909164.7,0.0018129924071069675,Small,Financials
CEG,312290080,338.11,105588398948.8,0.0018097613844500601,Small,Utilities
BX,738450871,142.67,105354785765.56999,0.0018057573070881794,Small,Financials
ADP,404448744,253.12,102374066081.28,0.0017546684428170773,Small,Industrials
CMCSA,3634450130,27.35,99402211055.5,0.0017037315167969334,Small,Communication Services
CVS,1269432485,78.03,99053816804.55,0.0016977601177776203,Small,Health Care
CME,360596647,273.09,98475338329.23,0.0016878451269567315,Small,Financials
SO,1101104843,89.27,98295629334.61,0.0016847649552509429,Small,Utilities
MO,1678671552,58.19,97681897610.87999,0.0016742457316896771,Small,Consumer Staples
SBUX,1137100000,85.35,97051485000.0,0.0016634406014784105,Small,Consumer Discretionary
DUK,777661224,122.8,95496798307.2,0.0016367936216060085,Small,Utilities
BMY,2035753027,46.25,94153577498.75,0.0016137711193792124,Small,Health Care
GD,270120442,340.34,91932791230.28,0.001575707342754066,Small,Industrials
NEM,1091262981,83.49,91109546283.68999,0.001561597109725486,Small,Materials
TT,221739004,410.1,90935165540.40001,0.0015586082630478226,Small,Industrials
MMM,531225048,168.09,89293618318.32,0.0015304725132604601,Small,Industrials
MMC,489909683,180.92,88634459848.36,0.001519174685496775,Small,Financials
ICE,570178585,154.43,88052678881.55,0.0015092030907153133,Small,Financials
WM,402867051,216.62,87269060587.62,0.0014957720495912706,Small,Industrials
MCO,178400000,479.65,85569560000.0,0.0014666429921669198,Small,Financials
ORLY,844104092,100.43,84773373959.56001,0.0014529965426973604,Small,Consumer Discretionary
HOOD,786356025,107.3,84376001482.5,0.0014461856679101103,Small,Financials
AMT,468146623,179.56,84060407625.88,0.00144077646026451,Small,Real Estate
SHW,247893513,337.06,83554987491.78,0.0014321136729628361,Small,Materials
CDNS,272201000,300.58,81818176580.0,0.0014023451249829098,Small,Information Technology
NOC,142720067,566.7,80879461968.90001,0.0013862557679029564,Small,Industrials
HWM,402500000,197.28,79405200000.0,0.0013609872496903419,Small,Industrials
MAR,268351795,295.84,79389195032.79999,0.0013607129281560982,Small,Consumer Discretionary
REGN,103282318,755.9,78071104176.2,0.00133812114764593,Small,Health Care
DASH,406334617,189.63,77053233421.70999,0.0013206750720905058,Small,Consumer Discretionary
TDG,56318584,1347.22,75873522736.48,0.0013004550965609247,Small,Industrials
ECL,283235653,267.07,75643745846.70999,0.001296516772405196,Small,Materials
APO,580422573,130.02,75466542941.46,0.0012934795545069561,Small,Financials
NKE,1189313611,62.8,74688894770.8,0.0012801508399515706,Small,Consumer Discretionary
CTAS,401866678,185.8,74666828772.40001,0.001279772633707218,Small,Industrials
AON,214935265,346.51,74477218675.15,0.0012765227593316125,Small,Financials
CI,267125816,278.09,74285018171.43999,0.0012732284859725204,Small,Health Care
USB,1554434067,47.78,74270859721.26,0.0012729858133242514,Small,Financials
BK,697349124,106.43,74218867267.32,0.0012720946743699708,Small,Financials
EQIX,98186078,754.68,74099069345.04,0.0012700413649549388,Small,Real Estate
MDLZ,1290358492,57.0,73550434044.0,0.0012606378794219328,Small,Consumer Staples
PNC,392158451,186.99,73329708752.49,0.0012568546976223871,Small,Financials
WMB,1221218867,59.61,72796856661.87,0.0012477217327623443,Small,Energy
SNPS,185748673,388.36,72137354646.28,0.0012364180167039115,Small,Information Technology
EMR,561800000,128.22,72033996000.0,0.0012346464727781693,Small,Industrials
RCL,272712972,264.09,72020768775.48,0.0012344197611280443,Small,Consumer Discretionary
ITW,290100000,247.77,71878077000.0,0.0012319740562237818,Small,Industrials
ELV,222238763,321.73,71500877219.99,0.0012255089369220282,Small,Health Care
COR,193877881,365.68,70897263524.08,0.001215163134079494,Small,Health Care
MNST,977021216,72.04,70384608400.64,0.0012063763406895112,Small,Consumer Staples
UPS,738990054,94.66,69952798511.64,0.0011989752164152923,Small,Industrials
JCI,611135655,113.55,69394453625.25,0.0011894053107755283,Small,Industrials
GLW,857360396,79.46,68125857066.159996,0.0011676618513808976,Small,Information Technology
RSG,309563599,219.0,67794428181.0,0.001161981234911424,Small,Industrials
GM,932861303,70.33,65608135439.99,0.001124508669580625,Small,Consumer Discretionary
CL,806064942,80.93,65234835756.060005,0.0011181103970475648,Small,Consumer Staples
CMI,138036253,472.51,65223509905.03,0.0011179162745109585,Small,Industrials
AZO,16632663,3897.88,64832124454.44,0.0011112080160094082,Small,Consumer Discretionary
TRV,223063417,290.07,64704005369.189995,0.0011090120837346045,Small,Financials
AJG,256805000,251.41,64563345050.0,0.0011066011975337643,Small,Financials
AEP,534094530,120.84,64539983005.200005,0.001106200777345924,Small,Utilities
TEL,294189246,218.93,64406851626.78,0.0011039189354947188,Small,Information Technology
NSC,224386617,286.29,64239644580.93001,0.0011010530443759982,Small,Industrials
PWR,149115887,430.15,64142198793.049995,0.0010993828455119349,Small,Industrials
CSX,1862136956,34.28,63834054851.68,0.0010941013277363497,Small,Industrials
HLT,232435166,274.48,63798804363.68001,0.0010934971423087788,Small,Consumer Discretionary
FDX,235955461,269.43,63573479857.23,0.0010896351310006878,Small,Industrials
ADSK,213000000,290.8,61940400000.0,0.0010616445099404027,Small,Information Technology
MSI,166554998,368.99,61457128712.020004,0.001053361348874349,Small,Information Technology
SRE,652681521,92.5,60373040692.5,0.0010347803243053184,Small,Utilities
KMI,2224760390,26.98,60024035322.200005,0.0010287984508379417,Small,Energy
SPG,326462060,183.08,59768673944.8,0.0010244216143246558,Small,Real Estate
FTNT,743648102,78.855,58640371083.21001,0.0010050827573176448,Small,Information Technology
TFC,1279246311,45.48,58180122224.28,0.0009971941955019418,Small,Financials
AFL,524113917,110.98,58166162508.66,0.0009969549291192852,Small,Financials
EOG,542598457,106.97,58041756945.29,0.0009948226457733944,Small,Energy
IDXX,79851330,725.91,57964878960.299995,0.0009935049744199658,Small,Health Care
WBD,2477974509,23.17,57414669373.53001,0.0009840745059840025,Small,Communication Services
MPC,300602479,190.62,57300844546.98,0.0009821235740849232,Small,Energy
APD,222590241,257.37,57288050326.17,0.0009819042840208954,Small,Materials
FCX,1435930660,39.87,57250555414.2,0.000981261629671817,Small,Materials
VST,338825490,168.59,57122589359.1,0.0009790683202993292,Small,Utilities
PYPL,935651953,60.57,56672438793.21,0.0009713528409526722,Small,Financials
ROST,325226266,174.0,56589370284.0,0.000969929065407927,Small,Consumer Discretionary
ALL,261681708,214.32,56083623658.56,0.0009612606821181958,Small,Financials
BDX,286627469,192.72,55238845825.68,0.0009467813802667968,Small,Health Care
COIN,228162467,240.41,54852538691.47,0.0009401601629646022,Small,Financials
PCAR,525204359,102.99,54090796933.409996,0.0009271040807398061,Small,Industrials
SLB,1493923635,36.19,54065096350.649994,0.00092666357853786,Small,Energy
DLR,343501552,157.18,53991573943.36,0.0009254034210306914,Small,Real Estate
PSX,402921135,133.72,53878614172.2,0.0009234673159862271,Small,Energy
ZTS,440693214,122.06,53791013700.840004,0.0009219658636306154,Small,Health Care
VLO,305009539,173.45,52903904539.549995,0.0009067610123412893,Small,Energy
D,853913277,61.47,52490049137.19,0.0008996676239255757,Small,Utilities
O,919905765,56.67,52131059702.55,0.0008935146258433522,Small,Real Estate
LHX,187052847,277.78,51959539839.659996,0.000890574814011609,Small,Industrials
STX,217872054,237.49,51742434104.46,0.0008868536705922631,Small,Information Technology
DDOG,325443373,157.55,51273603416.15,0.0008788180181532106,Small,Information Technology
URI,63630147,800.0,50904117600.0,0.0008724851144551961,Small,Industrials
F,3913646490,12.83,50212084466.7,0.0008606238223636887,Small,Consumer Discretionary
EA,250106129,200.69,50193799029.01,0.0008603104140787012,Small,Communication Services
NDAQ,570995433,87.66,50053459656.78,0.000857905028836493,Small,Financials
CAH,237595042,209.48,49771409398.159996,0.000853070750908175,Small,Health Care
MET,658891656,75.07,49462996615.92,0.0008477846252606082,Small,Financials
EW,580300000,85.13,49400939000.0,0.0008467209716961905,Small,Health Care
WDAY,217000000,225.14,48855380000.0,0.000837370213270372,Small,Information Technology
ABNB,425294120,114.26,48594106151.200005,0.0008328920383285002,Small,Consumer Discretionary
BKR,986773882,48.88,48233507352.16,0.0008267114561028136,Small,Energy
NXPI,251674471,191.35,48157910025.85,0.000825415734950816,Small,Information Technology
ROP,107637430,443.75,47764109562.5,0.0008186660836743064,Small,Information Technology
WDC,341899281,139.19,47588960922.39,0.0008156640754180423,Small,Information Technology
PSA,175463014,269.51,47289036903.14,0.0008105234452568547,Small,Real Estate
XEL,591539773,79.67,47127973714.91,0.0008077628584744336,Small,Utilities
CBRE,297592997,156.79,46659605999.63,0.0007997351412888754,Small,Real Estate
EXC,1008290316,45.75,46129281957.0,0.0007906455066021841,Small,Utilities
FAST,1148035721,39.91,45818105625.10999,0.0007853120143358375,Small,Industrials
GWW,47549337,952.15,45274101224.549995,0.0007759879013943979,Small,Industrials
AME,230203873,195.02,44894359312.46,0.0007694792105211614,Small,Industrials
OKE,629231557,70.53,44379701715.21,0.0007606580951809379,Small,Energy
CTVA,675732000,65.54,44287475280.00001,0.0007590773548464863,Small,Materials
CARR,842209781,52.41,44140214622.21,0.0007565533403281272,Small,Industrials
KR,662678212,66.06,43776522684.72,0.0007503197424058366,Small,Consumer Staples
TTWO,184778832,235.47,43509871571.04,0.0007457494023546283,Small,Communication Services
LVS,676134487,64.31,43482208858.97,0.0007452752696980879,Small,Consumer Discretionary
A,283500427,151.25,42879439583.75,0.0007349439400360568,Small,Health Care
DHI,292060538,146.71,42848201529.98,0.0007344085268277769,Small,Consumer Discretionary
ROK,112273567,378.73,42521368029.91,0.0007288066742240816,Small,Industrials
YUM,277652829,152.98,42475329780.42,0.0007280175889934676,Small,Consumer Discretionary
FICO,23709047,1788.2,42396517845.4,0.0007266667701719591,Small,Information Technology
MSCI,75139539,561.99,42227669522.61,0.0007237727479360251,Small,Financials
FANG,286525614,146.44,41958810914.159996,0.0007191645719214827,Small,Energy
ETR,446596904,93.7,41846129904.8,0.0007172332447915065,Small,Utilities
CMG,1322278000,31.63,41823653140.0,0.0007168479981035428,Small,Consumer Discretionary
MPWR,47907000,872.35,41791671450.0,0.0007162998391377124,Small,Information Technology
AMP,92905713,447.56,41580880910.28,0.0007126869367470093,Small,Financials
DELL,338646945,122.51,41487637231.950005,0.0007110887610945161,Small,Information Technology
AXON,78910466,521.99,41190474147.340004,0.0007059954527314258,Small,Industrials
AIG,539576054,75.96,40986197061.84,0.0007024941894795302,Small,Financials
OXY,985210434,41.44,40827120384.96,0.0006997676510543794,Small,Energy
PEG,499153976,81.27,40566243629.52,0.0006952962822032912,Small,Utilities
PAYX,359894143,111.46,40113801178.78,0.0006875415204663295,Small,Industrials
TGT,454399148,87.62,39814453347.76,0.0006824107660416738,Small,Consumer Staples
CPRT,967834374,40.73,39419894053.02,0.0006756481085659926,Small,Industrials
CCI,435479010,90.01,39197465690.1,0.0006718357365059309,Small,Real Estate
IQV,170300000,224.9,38300470000.0,0.000656461432338782,Small,Health Care
DAL,652962768,58.57,38244029321.76,0.0006554940518215299,Small,Industrials
VMC,132130905,287.83,38031238386.15,0.000651846863095667,Small,Materials
HIG,278650292,136.45,38021832343.399994,0.0006516856456407294,Small,Financials
KDP,1358583125,27.74,37687095887.5,0.0006459483381534814,Small,Consumer Staples
PRU,349921578,106.75,37354128451.5,0.0006402413512690193,Small,Financials
VTR,469732824,79.24,37221628973.759995,0.000637970340053195,Small,Real Estate
GRMN,192334806,192.23,36972519757.38,0.0006337006641721,Small,Consumer Discretionary
SYY,478861056,76.63,36695122721.28,0.0006289461414300883,Small,Consumer Staples
CTSH,482646473,75.98,36671479018.54,0.0006285408936885725,Small,Information Technology
TRGP,214658564,170.54,36607871504.56,0.0006274506752203704,Small,Energy
RMD,145966294,250.75,36601048220.5,0.0006273337256678641,Small,Health Care
EBAY,452000000,80.84,36539680000.0,0.0006262818881857258,Small,Consumer Discretionary
MLM,60307143,603.18,36376062514.74,0.0006234775213273178,Small,Materials
WEC,325294252,111.14,36153203167.28,0.0006196577622892778,Small,Utilities
ED,360935608,100.16,36151310497.28,0.000619625322351618,Small,Utilities
EQT,624067000,57.03,35590541010.0,0.0006100138595985052,Small,Energy
KMB,331858421,105.18,34904868720.78,0.0005982615909423667,Small,Consumer Staples
NUE,228858659,152.35,34866616698.65,0.0005976059598956116,Small,Materials
GEHC,455521592,76.45,34824625708.4,0.0005968862437771191,Small,Health Care
PCG,2197910425,15.67,34441256359.75,0.0005903153794579719,Small,Utilities
OTIS,389715851,88.06,34318377839.06,0.0005882092692797985,Small,Industrials
WAB,170957186,200.22,34229047780.92,0.0005866781721961989,Small,Industrials
XYL,243469063,140.39,34180621754.569996,0.0005858481610078193,Small,Industrials
XYZ,547667000,61.95,33927970650.0,0.0005815177779606139,Small,Financials
ACGL,362625938,92.46,33528394227.48,0.0005746691280444045,Small,Financials
FIS,517850764,64.07,33178698449.479996,0.0005686754211444967,Small,Financials
FISV,537851887,60.84,32722908805.08,0.0005608632892618331,Small,Financials
STT,279312436,114.36,31942170180.96,0.0005474816050299678,Small,Financials
KVUE,1915802170,16.64,31878948108.8,0.0005463979929477772,Small,Consumer Staples
VRSK,139372570,223.16,31102382721.2,0.0005330878370502487,Small,Industrials
IR,395110395,78.54,31031970423.300003,0.0005318809861177746,Small,Industrials
CCL,1167541049,26.56,31009890261.44,0.0005315025371149061,Small,Consumer Discretionary
VICI,1068811371,28.82,30803143712.22,0.0005279589478108568,Small,Real Estate
NRG,191639408,159.2,30508993753.6,0.000522917283748821,Small,Utilities
LYV,232209247,130.63,30333493935.61,0.0005199092563827624,Small,Communication Services
RJF,198100000,152.99,30307319000.0,0.0005194606238797692,Small,Financials
WTW,95748613,315.05,30165600525.65,0.0005170316011377332,Small,Financials
KHC,1183655579,25.29,29934649592.91,0.0005130731541498377,Small,Consumer Staples
UAL,323737989,92.2,29848642585.8,0.0005115990134126979,Small,Industrials
KEYS,171856249,172.71,29681292764.79,0.0005087306751598811,Small,Information Technology
WRB,380021174,78.1,29679653689.399998,0.000508702581776739,Small,Financials
MTD,20428445,1452.35,29669252095.75,0.0005085243008035268,Small,Health Care
K,347932629,83.45,29034977890.05,0.0004976529837264945,Small,Consumer Staples
ROL,481150554,60.31,29018189911.74,0.0004973652415581228,Small,Industrials
MTB,153690781,188.6,28986081296.6,0.0004968149071239704,Small,Financials
EXPE,117009063,247.49,28958573001.870003,0.0004963434211458701,Small,Consumer Discretionary
CSGP,423822791,67.25,28502082694.75,0.0004885192800619417,Small,Real Estate
ATO,161693336,175.16,28322204733.76,0.00048543621231061446,Small,Utilities
AEE,270494916,104.53,28274833569.48,0.0004846242812206095,Small,Utilities
DTE,207683012,135.77,28197122539.24,0.0004832923316591584,Small,Utilities
ADM,480569735,58.63,28175803563.050003,0.00048292692920729076,Small,Consumer Staples
ODFL,209098439,134.28,28077738388.920002,0.0004812461142023591,Small,Industrials
FITB,661011769,42.42,28040119240.98,0.0004806013304767271,Small,Financials
TSCO,528403595,52.92,27963118247.4,0.00047928155078376156,Small,Consumer Discretionary
EXR,212247580,131.46,27902066866.800003,0.00047823514386617194,Small,Real Estate
LEN,223803530,123.16,27563642754.8,0.00047243463078365614,Small,Consumer Discretionary
HSY,148171608,186.0,27559919088.0,0.0004723708079730985,Small,Consumer Staples
MCHP,540446834,50.9,27508743850.6,0.00047149367592631467,Small,Information Technology
BRO,341420790,80.32,27422917852.8,0.00047002263764799344,Small,Financials
EXE,238169697,114.99,27387133458.03,0.00046940930117859525,Small,Energy
HUM,120273068,227.1,27314013742.8,0.00046815604572266774,Small,Health Care
IBKR,445363717,61.05,27189454922.85,0.00046602113559350203,Small,Financials
FE,577665555,46.89,27086737873.95,0.0004642605885023957,Small,Utilities
HPE,1319450062,20.52,27075115272.239998,0.00046406137972594853,Small,Information Technology
SYF,360171098,74.62,26875967332.760002,0.00046064802888199404,Small,Financials
FSLR,107308141,249.91,26817377517.31,0.00045964381263684684,Small,Information Technology
PPL,739739177,36.12,26719379073.239998,0.0004579641413701191,Small,Utilities
BR,116727559,228.39,26659407200.01,0.00045693623696579705,Small,Industrials
CBOE,104644514,252.6,26433204236.399998,0.00045305916909977093,Small,Financials
CHTR,129409366,203.0,26270101298.0,0.00045026362145869165,Small,Communication Services
EFX,122394037,213.73,26159277528.01,0.0004483641269933543,Small,Industrials
EME,44765864,581.58,26034931185.120003,0.0004462328586731573,Small,Industrials
CINF,156018513,166.02,25902193528.260002,0.0004439577651208429,Small,Financials
AWK,195123565,132.74,25900702018.100002,0.0004439322009725183,Small,Utilities
STE,98147009,263.29,25841125999.61,0.000442911081429312,Small,Health Care
CNP,652868273,39.56,25827468879.88,0.00044267700147207966,Small,Utilities
GIS,533416422,48.33,25780015675.26,0.0004418636642291186,Small,Consumer Staples
BIIB,146702272,175.3,25716908281.600002,0.0004407820177105979,Small,Health Care
AVB,141594945,180.68,25583374662.600002,0.00043849328154641707,Small,Real Estate
DOV,137153223,183.58,25178588678.34,0.0004315553409149318,Small,Industrials
IRM,295589491,85.02,25131018524.82,0.00043073999919415615,Small,Real Estate
TER,156608303,158.91,24886625429.73,0.00042655115657012335,Small,Information Technology
HBAN,1565268876,15.88,24856469750.88,0.00042603429502427237,Small,Financials
VLTO,248297345,98.98,24576471208.100002,0.0004212351830435022,Small,Industrials
ES,375189145,64.55,24218459309.75,0.000415098939713194,Small,Utilities
NTRS,189117369,127.13,24042491120.969997,0.00041208288457724964,Small,Financials
LDOS,127855172,186.49,23843711026.280003,0.00040867583851017443,Small,Industrials
DXCM,390016272,60.23,23490680062.559998,0.0004026249672779526,Small,Health Care
WAT,59534740,393.99,23456092212.600002,0.0004020321393171924,Small,Health Care
PHM,194916877,120.32,23452398640.64,0.0004019688323254163,Small,Consumer Discretionary
VRSN,92700000,251.42,23306634000.0,0.00039947045920417574,Small,Information Technology
PODD,70346898,331.17,23296782210.66,0.0003993016017530469,Small,Health Care
STZ,174039535,133.66,23262124248.1,0.0003987075720781086,Small,Consumer Staples
TDY,46950987,494.87,23234634936.69,0.00039823641146983894,Small,Information Technology
ULTA,44838364,515.58,23117763711.120003,0.0003962332649774625,Small,Consumer Discretionary
STLD,146034859,158.16,23096873299.44,0.00039587520802480367,Small,Materials
EQR,380474721,60.55,23037744356.55,0.000394861751256721,Small,Real Estate
EIX,384787056,58.58,22540825740.48,0.0003863446780599399,Small,Utilities
CMS,304319765,74.04,22531835400.600002,0.0003861905856585977,Small,Utilities
CFG,429486191,52.3,22462127789.3,0.00038499581289578525,Small,Financials
HUBB,53144752,421.84,22418582183.68,0.0003842494510198771,Small,Industrials
HPQ,934701851,23.96,22395456349.96,0.0003838530794367644,Small,Information Technology
DG,220106028,101.7,22384783047.600002,0.0003836701414374388,Small,Consumer Staples
DVN,627300000,35.65,22363245000.0,0.0003833009841509283,Small,Energy
PPG,224400000,98.7,22148280000.0,0.00037961653245091766,Small,Materials
EL,245852896,89.9,22102175350.4,0.00037882630913736845,Small,Consumer Staples
LH,82900000,265.64,22021556000.0,0.00037744451162319157,Small,Health Care
L,206659567,106.4,21988577928.800003,0.0003768792749079314,Small,Financials
TROW,218237000,100.31,21891353470.0,0.00037521286957446645,Small,Financials
RF,876876496,24.91,21842993515.36,0.00037438399084032005,Small,Financials
HAL,841626610,25.82,21730799070.2,0.00037246100331118036,Small,Energy
WSM,121790333,177.93,21670153950.690002,0.0003714215596172025,Small,Consumer Discretionary
TPR,204649752,105.24,21537339900.48,0.00036914515670006924,Small,Consumer Discretionary
NTAP,199618386,107.3,21419052817.8,0.00036711774273561165,Small,Information Technology
DGX,111242362,191.25,21275101732.5,0.0003646504535445715,Small,Health Care
JBL,106837337,196.7,21014904187.899998,0.0003601907262143546,Small,Information Technology
SBAC,106563000,195.02,20781916260.0,0.0003561973655880522,Small,Real Estate
DLTR,203967842,101.82,20768005672.44,0.0003559589412492826,Small,Consumer Staples
PTC,119792704,172.12,20618720212.48,0.00035340022207761983,Small,Information Technology
TPL,22979410,896.43,20599432506.3,0.00035306963513637727,Small,Energy
TYL,43027728,472.77,20342218966.559998,0.00034866105297760353,Small,Information Technology
DRI,116313762,174.72,20322340496.64,0.00034832034047886954,Small,Consumer Discretionary
NI,473232529,42.78,20244887590.62,0.0003469928151084318,Small,Utilities
CPAY,69958056,288.82,20205285733.92,0.00034631404820106593,Small,Financials
NVR,2732735,7388.82,20191687022.7,0.0003460809693525442,Small,Consumer Discretionary
CHD,240130071,84.02,20175728565.42,0.0003458074449878576,Small,Consumer Staples
INCY,196322703,102.06,20036695068.18,0.0003434244421489567,Small,Health Care
IP,528038317,37.67,19891203401.39,0.00034093074773804426,Small,Materials
AMCR,2308359941,8.5,19621059498.5,0.00033630054206618804,Small,Materials
CTRA,761377552,25.75,19605471964.0,0.00033603337523443636,Small,Energy
WST,71943412,271.07,19501700690.84,0.00033425475897687525,Small,Health Care
KEY,1092919589,17.82,19475827075.98,0.0003338112910436938,Small,Financials
SMCI,596971133,32.19,19216500771.27,0.00032936649656902943,Small,Information Technology
EXPD,134020931,143.21,19193137528.510002,0.0003289660558484245,Small,Industrials
LULU,113468082,168.18,19083062030.760002,0.00032707938660080506,Small,Consumer Discretionary
ON,402378412,46.7,18791071840.4,0.0003220747404804677,Small,Information Technology
PFG,219693843,84.29,18517994026.47,0.0003173942482339644,Small,Financials
TRMB,237920962,77.03,18327051702.86,0.00031412153979850353,Small,Information Technology
BG,193361047,94.58,18288087825.26,0.00031345370770926884,Small,Consumer Staples
ZBH,198181555,92.18,18268375739.9,0.0003131158470044313,Small,Health Care
CDW,130193660,140.2,18253151132.0,0.00031285490065288967,Small,Information Technology
CNC,491518000,36.5,17940407000.0,0.0003074945366456524,Small,Health Care
CHRW,118137178,151.68,17919047159.04,0.0003071284337808278,Small,Industrials
GPC,139110500,128.56,17884045880.0,0.00030652851973872106,Small,Consumer Discretionary
PKG,89977067,197.31,17753375089.77,0.0003042888518150839,Small,Materials
SW,522186327,33.78,17639454126.06,0.0003023362721467279,Small,Materials
LNT,257053689,68.27,17549055348.03,0.0003007868574448391,Small,Utilities
SNA,52007557,335.9,17469338396.3,0.0002994205268406883,Small,Industrials
EVRG,230214144,75.85,17461742822.399998,0.0002992903404142077,Small,Utilities
TTD,440318931,39.65,17458645614.149998,0.000299237254962148,Small,Communication Services
GPN,236743716,73.49,17398295688.84,0.00029820287083029434,Small,Financials
INVH,613020589,28.19,17281050403.91,0.000296193313044708,Small,Real Estate
IFF,256096379,67.45,17273700763.55,0.00029606734186373026,Small,Materials
MKC,253239902,68.16,17260831720.32,0.00029584676936027026,Small,Consumer Staples
GDDY,135141594,127.06,17171090933.64,0.0002943086324819718,Small,Information Technology
PNR,163641880,104.79,17148032605.2,0.00029391341792415934,Small,Industrials
PSKY,1071666977,15.89,17028788264.53,0.0002918695967732826,Small,Communication Services
LUV,517155080,32.8,16962686623.999998,0.0002907366295375732,Small,Industrials
IT,72077145,234.18,16879025816.1,0.0002893027021266393,Small,Information Technology
ESS,64404022,261.2,16822330546.4,0.0002883309579690847,Small,Real Estate
FTV,317611636,52.82,16776246613.52,0.0002875410897354518,Small,Industrials
HOLX,222905228,74.36,16575232754.08,0.00028409575744350006,Small,Health Care
GEN,616716107,26.54,16367645479.779999,0.00028053775830087123,Small,Information Technology
LII,35072782,465.12,16313052363.84,0.00027960204458545707,Small,Industrials
DD,418975324,38.54,16147308986.96,0.00027676124042333287,Small,Materials
BBY,210101265,76.45,16062241709.25,0.00027530320643652626,Small,Consumer Discretionary
APTV,216079411,74.13,16017966737.429998,0.00027454434338816897,Small,Consumer Discretionary
Q,209463194,75.8,15877310105.199999,0.00027213352038099294,Small,Information Technology
JBHT,95218346,166.43,15847189324.78,0.0002716172569863747,Small,Industrials
DOW,710767392,22.2,15779036102.4,0.000270449126099676,Small,Materials
WY,720861000,21.78,15700352580.0,0.00026910050824156183,Small,Real Estate
MAA,117081742,133.61,15643291548.62,0.0002681224950111643,Small,Real Estate
J,119536469,128.77,15392711113.130001,0.00026382760276577307,Small,Industrials
TSN,283045085,53.67,15191029711.95,0.00026037082895869666,Small,Consumer Staples
COO,198808921,75.47,15004109267.869999,0.0002571670546328422,Small,Health Care
OMC,192983572,74.87,14448680035.640001,0.00024764712264891266,Small,Communication Services
LYB,321872964,44.8,14419908787.199999,0.0002471539899285805,Small,Materials
SOLV,173447557,82.9,14378802475.300001,0.00024644943699781915,Small,Health Care
TXT,176224064,81.33,14332303125.119999,0.0002456524486051966,Small,Industrials
TKO,78922362,178.17,14061597237.539999,0.00024101261064228633,Small,Communication Services
ALLE,86031953,162.87,14012024185.11,0.0002401629396851518,Small,Industrials
FOX,235581025,59.14,13932261818.5,0.00023879583068018312,Small,Communication Services
KIM,677194052,20.36,13787670898.72,0.00023631757487021628,Small,Real Estate
DPZ,33786218,407.4,13764505213.199999,0.00023592052023622433,Small,Consumer Discretionary
ALB,117697540,116.82,13749426622.8,0.00023566207659175644,Small,Materials
ERIE,46189068,296.36,13688592192.480001,0.000234619388153119,Small,Financials
FOXA,208361696,65.69,13687279810.24,0.00023459689421701202,Small,Communication Services
FFIV,57684000,234.29,13514784360.0,0.00023164036103774625,Small,Information Technology
BALL,267987212,49.87,13364522262.439999,0.0002290649025175122,Small,Materials
AVY,77295394,170.46,13175772861.24,0.00022582978027841597,Small,Materials
RL,38759382,339.88,13173538754.16,0.0002257914881860804,Small,Consumer Discretionary
NDSN,56186303,233.48,13118378024.439999,0.00022484604569827688,Small,Industrials
EG,41978058,311.34,13069448577.72,0.00022400740599810205,Small,Financials
REG,182900978,70.87,12962192310.86,0.00022216905773317933,Small,Real Estate
MAS,207695621,62.24,12926975451.04,0.00022156544868504204,Small,Industrials
UHS,55233701,231.92,12809799935.92,0.0002195570867382902,Small,Health Care
AKAM,143865237,89.01,12805444745.37,0.0002194824397528469,Small,Information Technology
IEX,74849436,170.65,12773056253.4,0.0002189273082928434,Small,Industrials
CLX,121980379,103.92,12676200985.68,0.00021726723081136532,Small,Consumer Staples
HRL,549998433,22.69,12479464444.77,0.00021389521079596719,Small,Consumer Staples
WYNN,103974479,119.6,12435347688.4,0.00021313905952480023,Small,Consumer Discretionary
DECK,145744833,85.13,12407257633.289999,0.0002126576023047717,Small,Consumer Discretionary
DOC,694949823,17.84,12397904842.32,0.00021249729757335376,Small,Real Estate
JKHY,72377132,170.8,12362014145.6,0.0002118821391124668,Small,Financials
CF,155974644,78.54,12250248539.76,0.0002099665017927175,Small,Materials
ZBRA,50660242,240.95,12206585309.9,0.00020921812386381913,Small,Information Technology
VTRS,1151769872,10.46,12047512861.12,0.00020649165790735032,Small,Health Care
HII,39241434,305.49,11987865672.66,0.00020546931852688231,Small,Industrials
HST,687689481,17.42,11979550759.02,0.0002053268027792195,Small,Real Estate
UDR,330489065,35.59,11762105823.35,0.0002015998455401897,Small,Real Estate
AIZ,50081110,226.82,11359397370.199999,0.0001946975133241677,Small,Financials
BEN,520970580,21.68,11294642174.4,0.0001935876238479747,Small,Financials
SJM,106685160,105.54,11259551786.400002,0.00019298618249835673,Small,Consumer Staples
BLDR,110580581,101.62,11237198641.220001,0.0001926030546228466,Small,Industrials
CPT,106395330,105.23,11195980575.9,0.00019189658626362797,Small,Real Estate
RVTY,113375621,98.27,11141422275.67,0.00019096146928164432,Small,Health Care
HAS,140337023,79.2,11114692221.6,0.00019050332217323326,Small,Consumer Discretionary
BXP,158468685,70.04,11099146697.400002,0.00019023687538856487,Small,Real Estate
DAY,160034963,68.85,11018407202.55,0.0001888530186255658,Small,Industrials
PNW,119690399,89.15,10670399070.85,0.00018288823760326177,Small,Utilities
GL,79605800,132.42,10541400035.999998,0.00018067722319043726,Small,Financials
FDS,37419936,277.02,10366070670.72,0.00017767211734545006,Small,Financials
IVZ,445092900,23.22,10335057138.0,0.00017714055237741554,Small,Financials
SWK,154884964,66.15,10245640368.6,0.00017560796908234292,Small,Industrials
ALGN,71749995,142.56,10228679287.2,0.00017531725996598329,Small,Health Care
EPAM,55242618,180.98,9997809005.64,0.00017136019532115423,Small,Information Technology
AES,712120944,13.75,9791662980.0,0.0001678268988560565,Small,Utilities
TECH,155812701,61.53,9587155492.53,0.000164321686566271,Small,Health Care
NWSA,372165251,25.69,9560925298.19,0.00016387210694108724,Small,Communication Services
CPB,297703053,31.66,9425278657.98,0.00016154715406911988,Small,Consumer Staples
BAX,514055805,18.31,9412361789.55,0.00016132576185249982,Small,Health Care
IPG,363328974,25.72,9344821211.279999,0.0001601681315479079,Small,Communication Services
SWKS,148679767,62.61,9308840211.87,0.00015955142531924626,Small,Information Technology
MRNA,390733636,23.72,9268201845.92,0.00015885489287670846,Small,Health Care
POOL,37249484,239.98,8939131170.32,0.0001532146955881356,Small,Consumer Discretionary
MGM,273506440,32.55,8902634622.0,0.00015258915296723386,Small,Consumer Discretionary
PAYC,54906117,162.14,8902477810.38,0.00015258646525137363,Small,Industrials
ARE,172825059,50.89,8795067252.51,0.00015074547247327855,Small,Real Estate
HSIC,117724807,73.4,8641000833.800001,0.00014810480874508742,Small,Health Care
BF-B,303608875,28.45,8637672493.75,0.00014804776174601577,Small,Consumer Staples
GNRC,58684066,146.04,8570220998.639999,0.00014689165830672889,Small,Industrials
TAP,185297875,46.11,8544085016.25,0.00014644369345315607,Small,Consumer Staples
CAG,478351641,17.77,8500308660.57,0.00014569337657317354,Small,Consumer Staples
APA,354669251,23.95,8494328561.45,0.00014559087902069328,Small,Energy
DVA,70600000,120.25,8489650000.0,0.00014551068953083188,Small,Health Care
FRT,86270031,97.97,8451874937.07,0.00014486323345737597,Small,Real Estate
NCLH,455257489,18.2,8285686299.799999,0.00014201479763241887,Small,Consumer Discretionary
CRL,49215471,167.64,8250481558.44,0.00014141139629195748,Small,Health Care
LW,139352480,57.68,8037851046.4,0.00013776695718996455,Small,Consumer Staples
MOS,317407877,24.17,7671748387.09,0.00013149204003846016,Small,Materials
MTCH,236070189,32.27,7617984999.030001,0.00013057054767209357,Small,Communication Services
LKQ,255966006,29.56,7566355137.36,0.0001296856234676819,Small,Consumer Discretionary
AOS,113372121,65.1,7380525077.099999,0.0001265005380749992,Small,Industrials
MOH,51400000,141.56,7276184000.0,0.0001247121555061995,Small,Health Care
SOLS,158727456,44.44,7053848144.639999,0.00012090136900488778,Small,Materials
MHK,61821362,109.93,6796022324.660001,0.00011648229250065712,Small,Consumer Discretionary
NWS,186662155,29.0,5413202495.0,9.278107196615521e-05,Small,Communication Services
